match_id,Player 1,Player 2,Pl 1 hand,Pl 2 hand,Gender,Date,Tournament,Round,Time,Court,Surface,Umpire,Best of,Final TB?,Charted by
20150228-M-Dubai-F-Roger_Federer-Novak_Djokovic,Roger Federer,Novak Djokovic,R,R,M,20150228,Dubai,F,,,Hard,Mohamed Lahyani,3,1,FedFan
20150227-M-Dubai-SF-Roger_Federer-Borna_Coric,Roger Federer,Borna Coric,R,R,M,20150227,Dubai,SF,,,Hard,Kader Nouni,3,1,FedFan
20150227-M-Acapulco-SF-Kevin_Anderson-Kei_Nishikori,Kevin Anderson,Kei Nishikori,R,R,M,20150227,Acapulco,SF,,,Hard,,3,1,jeffsackmann
20150226-M-Dubai-QF-Andy_Murray-Borna_Coric,Andy Murray,Borna Coric,R,R,M,20150226,Dubai,QF,,,Hard,,3,1,chrisG
20150226-M-Acapulco-QF-Viktor_Troicki-Kevin_Anderson,Viktor Troicki,Kevin Anderson,R,R,M,20150226,Acapulco,QF,,,Hard,,3,1,jeffsackmann
20150225-M-Dubai-R16-Fernando_Verdasco-Roger_Federer,Fernando Verdasco,Roger Federer,L,R,M,20150225,Dubai,R16,,,Hard,Kader Nouni,3,1,jeffsackmann
20150223-M-Dubai-R32-Joao_Sousa-James_Mcgee,Joao Sousa,James Mcgee,R,R,M,20150223,Dubai,R32,,,Hard,Kader Nouni,3,1,jeffsackmann
20150219-M-Rio_De_Janeiro-R16-Rafael_Nadal-Pablo_Carreno_Busta,Rafael Nadal,Pablo Carreno Busta,R,L,M,20150219,Rio De Janeiro,R16,,Center Court,Clay,Adel Nour,3,1,Isaac
20150218-M-Delray_Beach-R32-Steve_Johnson-Andrey_Rublev,Steve Johnson,Andrey Rublev,R,R,M,20150218,Delray Beach,R32,,,Hard,,3,1,jeffsackmann
20150217-M-Rio_de_Janeiro-R32-Thomaz_Bellucci-Rafael_Nadal,Thomaz Bellucci,Rafael Nadal,L,L,M,20150217,Rio de Janeiro,R32,,Center Court,Clay,,3,1,Isaac
20150215-M-Sao_Paulo-F-Luca_Vanni-Pablo_Cuevas,Luca Vanni,Pablo Cuevas,R,R,M,20150215,Sao Paulo,F,,,Clay,,3,1,jeffsackmann
20150215-M-Rotterdam-F-Stanislas_Wawrinka-Tomas_Berdych,Stanislas Wawrinka,Tomas Berdych,R,R,M,20150215,Rotterdam,F,,Center court,Hard,Gerry Armstrong,3,1,Isaac
20150214-M-Sao_Paulo-SF-Santiago_Giraldo-Pablo_Cuevas,Santiago Giraldo,Pablo Cuevas,R,R,M,20150214,Sao Paulo,SF,,,Clay,,3,1,jeffsackmann
20150213-M-Sao_Paulo-QF-Nicolas_Almagro-Pablo_Cuevas,Nicolas Almagro,Pablo Cuevas,R,R,M,20150213,Sao Paulo,QF,,,Clay,,3,1,jeffsackmann
20150212-M-Rotterdam-R16-Milos_Raonic-Simone_Bolelli,Milos Raonic,Simone Bolelli,R,R,M,20150212,Rotterdam,R16,,Center court,Hard,Cedric Mourier,3,1,Isaac
20150212-M-Rotterdam-R16-Jeremy_Chardy-Gilles_Simon,Jeremy Chardy,Gilles Simon,R,R,M,20150212,Rotterdam,R16,,,Hard,,3,1,jeffsackmann
20150211-M-Rotterdam-R16-Sergiy_Stakhovsky-Dominic_Thiem,Sergiy Stakhovsky,Dominic Thiem,R,R,M,20150211,Rotterdam,R16,,,Hard,,3,1,jeffsackmann
20150211-M-Rotterdam-R16-Grigor_Dimitrov-Gilles_Muller,Grigor Dimitrov,Gilles Muller,R,L,M,20150211,Rotterdam,R16,,,Hard,Cedric Mourier,3,1,jeffsackmann
20150210-M-Rotterdam-R32-Vasek_Pospisil-Philipp_Kohlschreiber,Vasek Pospisil,Philipp Kohlschreiber,R,R,M,20150210,Rotterdam,R32,,,Hard,,3,1,jeffsackmann
20150210-M-Rotterdam-R32-Andrey_Kuznetsov-Milos_Raonic,Andrey Kuznetsov,Milos Raonic,R,R,M,20150210,Rotterdam,R32,,Center Court,Hard,,3,1,Isaac
20150209-M-Rotterdam-R32-Roberto_Bautista_Agut-Alexander_Zverev,Roberto Bautista Agut,Alexander Zverev,R,R,M,20150209,Rotterdam,R32,,,Hard,,3,1,jeffsackmann
20150209-M-Rotterdam-R32-Grigor_Dimitrov-Paul_Henri_Mathieu,Grigor Dimitrov,Paul Henri Mathieu,R,R,M,20150209,Rotterdam,R32,,Center Court,Hard,,3,1,Isaac
20150208-M-Zagreb-F-Andreas_Seppi-Guillermo_Garcia_Lopez,Andreas Seppi,Guillermo Garcia Lopez,R,R,M,20150208,Zagreb,F,,Center court,Hard,,3,1,Isaac
20150208-M-Quito-F-Feliciano_Lopez-Victor_Estrella,Feliciano Lopez,Victor Estrella,L,R,M,20150208,Quito,F,,,Hard,,3,1,jeffsackmann
20150208-M-Montpellier-F-Richard_Gasquet-Jerzy_Janowicz,Richard Gasquet,Jerzy Janowicz,R,R,M,20150208,Montpellier,F,,Centre Court,Indoor Hard,Manuel Messina,3,1,Isaac
20150207-M-Montpellier-SF-Richard_Gasquet-Gael_Monfils,Richard Gasquet,Gael Monfils,R,R,M,20150207,Montpellier,SF,,,Hard,,3,1,jeffsackmann
20150206-M-Montpellier-QF-Gilles_Simon-Jerzy_Janowicz,Gilles Simon,Jerzy Janowicz,R,R,M,20150206,Montpellier,QF,,,Hard,,3,1,jeffsackmann
20150202-M-Quito-Q3-Gerald_Melzer-Roberto_Carballes_Baena,Gerald Melzer,Roberto Carballes Baena,L,R,M,20150202,Quito,Q3,,,Clay,,3,1,jeffsackmann
20150131-M-Hong_Kong_CH-SF-Kyle_Edmund-Yoshihito_Nishioka,Kyle Edmund,Yoshihito Nishioka,R,L,M,20150131,Hong Kong CH,SF,,,Hard,,3,1,jeffsackmann
20150127-M-Australian_Open-QF-Tomas_Berdych-Rafael_Nadal,Tomas Berdych,Rafael Nadal,R,L,M,20150127,Australian Open,QF,,Rod Laver Arena,Hard,Mohamed Lahyani,5,0,Bobby
20150125-M-Australian_Open-R16-Bernard_Tomic-Tomas_Berdych,Bernard Tomic,Tomas Berdych,R,R,M,20150125,Australian Open,R16,,Margaret Court Arena,Hard Court,,5,0,Bobby
20150116-M-Auckland-SF-Kevin_Anderson-Jiri_Vesely,Kevin Anderson,Jiri Vesely,R,L,M,20150116,Auckland,SF,,,Hard,Paula Vieira Souza,3,1,jeffsackmann
20150109-M-Brisbane-QF-Bernard_Tomic-Kei_Nishikori,Bernard Tomic,Kei Nishikori,R,R,M,20150109,Brisbane,QF,,Pat Rafter Arena (Centre),,,3,1,qthetennisfan
20150106-M-Doha-R32-Novak_Djokovic-Dusan_Lajovic,Novak Djokovic,Dusan Lajovic,R,R,M,20150106,Doha,R32,,,Hard,Carlos Bernardes,3,1,MBLAIR
20150106-M-Doha-R16-Tomas_Berdych-Blaz_Kavcic,Tomas Berdych,Blaz Kavcic,R,R,M,20150106,Doha,R16,,,Hard,Carlos Bernardes,3,1,MBLAIR
20141117-M-Lima_CH-F-Jason_Kubler-Guido_Pella,Jason Kubler,Guido Pella,R,L,M,20141117,Lima CH,F,,,Clay,,3,1,Amy
20141115-M-London-SF-Roger_Federer-Stanislas_Wawrinka,Roger Federer,Stanislas Wawrinka,R,R,M,20141115,London,SF,,,Hard,Cedric Mourier,3,1,jeffsackmann
20141114-M-London-RR-Stanislas_Wawrinka-Marin_Cilic,Stanislas Wawrinka,Marin Cilic,R,R,M,20141114,London,RR,,,Hard,Damien Steiner,3,1,jeffsackmann
20141113-M-London-RR-Roger_Federer-Andy_Murray,Roger Federer,Andy Murray,R,R,M,20141113,London,RR,,,Hard,Mohamed Lahyani,3,1,jeffsackmann
20141112-M-London-RR-Marin_Cilic-Tomas_Berdych,Marin Cilic,Tomas Berdych,R,R,M,20141112,London,RR,,,Hard,Carlos Bernardes,3,1,jeffsackmann
20141111-M-London-RR-Andy_Murray-Milos_Raonic,Andy Murray,Milos Raonic,R,R,M,20141111,London,RR,,,Hard,Damian Steiner,3,1,jeffsackmann
20141111-M-Champaign_CH-R32-Jared_Donaldson-Alex_Kuznetsov,Jared Donaldson,Alex Kuznetsov,R,R,M,20141111,Champaign CH,R32,,Court 1,Hard,,3,1,Amy
20141110-M-London-RR-Marin_Cilic-Novak_Djokovic,Marin Cilic,Novak Djokovic,R,R,M,20141110,London,RR,,,Hard,Damien Steiner,3,1,jeffsackmann
20141109-M-London-RR-Roger_Federer-Milos_Raonic,Roger Federer,Milos Raonic,R,R,M,20141109,London,RR,,,Hard,Carlos Bernardes,3,1,jeffsackmann
20141109-M-London-RR-Kei_Nishikori-Andy_Murray,Kei Nishikori,Andy Murray,R,R,M,20141109,London,RR,,,Hard,Cedric Mourier,3,1,jeffsackmann
20141108-M-Mouilleron_CH-QF-Marsel_Ilhan-Borna_Coric,Marsel Ilhan,Borna Coric,R,R,M,20141108,Mouilleron CH,QF,,,Hard,,3,1,jeffsackmann
20141104-M-Knoxville_CH-R32-Jared_Donaldson-Daniel_Nguyen,Jared Donaldson,Daniel Nguyen,R,R,M,20141104,Knoxville CH,R32,,Center,Hard,,3,1,Amy
20141103-M-Charlottesville_CH-F-Liam_Broady-James_Duckworth,Liam Broady,James Duckworth,L,R,M,20141103,Charlottesville CH,F,,,Hard,,3,1,jeffsackmann
20141101-M-Paris_Masters-F-Novak_Djokovic-Milos_Raonic,Novak Djokovic,Milos Raonic,R,R,M,20141101,Paris Masters,F,,,Hard,Cedric Mourier,3,1,jeffsackmann
20141030-M-Paris_Masters-R16-Novak_Djokovic-Gael_Monfils,Novak Djokovic,Gael Monfils,R,R,M,20141030,Paris Masters,R16,,Central,Hard,Ali Nili,3,1,jeffsackmann
20141030-M-Paris_Masters-R16-Jo_Wilfried_Tsonga-Kei_Nishikori,Jo Wilfried Tsonga,Kei Nishikori,R,R,M,20141030,Paris Masters,R16,,Central,Hard,Carlos Bernardes,3,1,jeffsackmann
20141029-M-Paris_Masters-R32-Stanislas_Wawrinka-Dominic_Thiem,Stanislas Wawrinka,Dominic Thiem,R,R,M,20141029,Paris Masters,R32,,Center,Hard,,3,1,jeffsackmann
20141029-M-Paris_Masters-R32-Lucas_Pouille-Fabio_Fognini,Lucas Pouille,Fabio Fognini,R,R,M,20141029,Paris Masters,R32,,1,Hard,Carlos Bernardes,3,1,jeffsackmann
20141028-M-Paris_Masters-R64-Vasek_Pospisil-Tommy_Robredo,Vasek Pospisil,Tommy Robredo,R,R,M,20141028,Paris Masters,R64,,1,Hard,Cedric Mourier,3,1,jeffsackmann
20141027-M-Paris_Masters-R64-Pierre_Hugues_Herbert-Adrian_Mannarino,Pierre Hugues Herbert,Adrian Mannarino,R,L,M,20141027,Paris Masters,R64,,1,Hard,Roland Herfel,3,1,jeffsackmann
20141026-M-Basel-F-David_Goffin-Roger_Federer,David Goffin,Roger Federer,R,R,M,20141026,Basel,F,,,Hard,Mohamed Lahyani,3,1,jeffsackmann
20141025-M-Valencia-SF-David_Ferrer-Andy_Murray,David Ferrer,Andy Murray,R,R,M,20141025,Valencia,SF,,Agora,Hard,,3,1,jeffsackmann
20141024-M-Basel-QF-Grigor_Dimitrov-Roger_Federer,Grigor Dimitrov,Roger Federer,R,R,M,20141024,Basel,QF,,,Hard,Mohamed Lahyani,3,1,jeffsackmann
20141022-M-Toyota_CH-SF-Yuichi_Sugita-Go_Soeda,Yuichi Sugita,Go Soeda,R,R,M,20141022,Toyota CH,SF,,,Carpet,,3,1,jeffsackmann
20141022-M-Basel-R32-Ernests_Gulbis-Borna_Coric,Ernests Gulbis,Borna Coric,R,R,M,20141022,Basel,R32,,,Hard,Mohamed El Jennati,3,1,jeffsackmann
20141021-M-Valencia-R32-Norbert_Gombos-Feliciano_Lopez,Norbert Gombos,Feliciano Lopez,R,L,M,20141021,Valencia,R32,,Agora,Hard,Ali Nili,3,1,jeffsackmann
20141020-M-Valencia-R32-Stefan_Kozlov-Martin_Klizan,Stefan Kozlov,Martin Klizan,R,L,M,20141020,Valencia,R32,,Agora,Hard,Ali Nili,3,1,jeffsackmann
20141020-M-Basel-R32-Dominic_Thiem-David_Goffin,Dominic Thiem,David Goffin,R,R,M,20141020,Basel,R32,,,Hard,,3,1,jeffsackmann
20141019-M-Moscow-F-Roberto_Bautista_Agut-Marin_Cilic,Roberto Bautista Agut,Marin Cilic,R,R,M,20141019,Moscow,F,,,Hard,Roland Herfel,3,1,jeffsackmann
20141018-M-Vienna-SF-Viktor_Troicki-Andy_Murray,Viktor Troicki,Andy Murray,R,R,M,20141018,Vienna,SF,,,Hard,,3,1,jeffsackmann
20141018-M-Stockholm-SF-Tomas_Berdych-Matthias_Bachinger,Tomas Berdych,Matthias Bachinger,R,R,M,20141018,Stockholm,SF,,,Hard,,3,1,jeffsackmann
20141016-M-Moscow-R16-Milos_Raonic-Ricardas_Berankis,Milos Raonic,Ricardas Berankis,R,R,M,20141016,Moscow,R16,,,Hard,,3,1,jeffsackmann
20141011-M-Shanghai_Masters-F-Roger_Federer-Gilles_Simon,Roger Federer,Gilles Simon,R,R,M,20141011,Shanghai Masters,F,,,Hard,Ali Nili,3,1,jeffsackmann
20141010-M-Shanghai_Masters-SF-Novak_Djokovic-Roger_Federer,Novak Djokovic,Roger Federer,R,R,M,20141010,Shanghai Masters,SF,,,Hard,,3,1,jeffsackmann
20141006-M-Ortisei_CH-R16-Austin_Krajicek-Nikoloz_Basilashvili,Austin Krajicek,Nikoloz Basilashvili,L,R,M,20141006,Ortisei CH,R16,,1,Hard,,3,1,jeffsackmann
20141005-M-Beijing-F-Tomas_Berdych-Novak_Djokovic,Tomas Berdych,Novak Djokovic,R,R,M,20141005,Beijing,F,,,Hard,Carlos Bernardes,3,1,jeffsackmann
20140930-M-Tokyo-R32-Stanislas_Wawrinka-Tatsuma_Ito,Stanislas Wawrinka,Tatsuma Ito,R,R,M,20140930,Tokyo,R32,,,Hard,Cedric Mourier,3,1,jeffsackmann
20140929-M-Sacramento_CH-R16-Jared_Donaldson-Luca_Vanni,Jared Donaldson,Luca Vanni,R,R,M,20140929,Sacramento CH,R16,,,Hard,,3,1,Amy
20140927-M-Shenzhen-SF-Tommy_Robredo-Santiago_Giraldo,Tommy Robredo,Santiago Giraldo,R,R,M,20140927,Shenzhen,SF,,,Hard,Fergus Murphy,3,1,jeffsackmann
20140922-M-Shenzhen-R16-Somdev_Devvarman-Andy_Murray,Somdev Devvarman,Andy Murray,R,R,M,20140922,Shenzhen,R16,,,Hard,,3,1,Amy
20140908-M-US_Open-F-Marin_Cilic-Kei_Nishikori,Marin Cilic,Kei Nishikori,R,R,M,20140908,US Open,F,,Ashe,Hard,,5,1,jeffsackmann
20140906-M-US_Open-SF-Marin_Cilic-Roger_Federer,Marin Cilic,Roger Federer,R,R,M,20140906,US Open,SF,,Ashe,Hard,,3,1,jeffsackmann
20140906-M-St_Remy_CH-QF-Vincent_Millot-Denys_Molchanov,Vincent Millot,Denys Molchanov,L,R,M,20140906,St Remy CH,QF,,,Hard,,3,1,jeffsackmann
20140902-M-Shanghai_CH-R32-John_Millman-Ze_Zhang,John Millman,Ze Zhang,R,R,M,20140902,Shanghai CH,R32,Day,Stadium,Hard,,3,1,d
20140810-M-Canada_Masters-F-Jo_Wilfried_Tsonga-Roger_Federer,Jo Wilfried Tsonga,Roger Federer,R,R,M,20140810,Canada Masters,F,,,Hard,,3,1,Bobby
20140807-M-Canada_Masters-R16-Novak_Djokovic-Jo_Wilfried_Tsonga,Novak Djokovic,Jo Wilfried Tsonga,R,R,M,20140807,Canada Masters,R16,,Centre,Hard,,3,1,Amy
20140805-M-Canada_Masters-R64-Donald_Young-Frank_Dancevic,Donald Young,Frank Dancevic,L,R,M,20140805,Canada Masters,R64,,Grandstand,Hard,Richard Haigh,3,1,jeffsackmann
20140805-M-Canada_Masters-R32-Peter_Polansky-Roger_Federer,Peter Polansky,Roger Federer,R,R,M,20140805,Canada Masters,R32,,Centre,Hard,,3,1,Amy
20140804-M-Canada_Masters-R64-Peter_Polansky-Jerzy_Janowicz,Peter Polansky,Jerzy Janowicz,R,R,M,20140804,Canada Masters,R64,,,Hard,Mohamed Lahyani,3,1,jeffsackmann
20140802-M-Segovia_CH-SF-Alexander_Kudryavtsev-Adrian_Menendez_Maceiras,Alexander Kudryavtsev,Adrian Menendez Maceiras,R,R,M,20140802,Segovia CH,SF,,,Hard,,3,1,jeffsackmann
20140729-M-Washington-R64-Sam_Querrey-Michael_Russell,Sam Querrey,Michael Russell,R,R,M,20140729,Washington,R64,,Center,Hard,,3,1,jeffsackmann
20140728-M-Washington-R64-Francis_Tiafoe-Evgeny_Donskoy,Francis Tiafoe,Evgeny Donskoy,R,R,M,20140728,Washington,R64,,Center,Hard,,3,1,jeffsackmann
20140727-M-Umag-SF-Marin_Cilic-Tommy_Robredo,Marin Cilic,Tommy Robredo,R,R,M,20140727,Umag,SF,,,Clay,,3,1,jeffsackmann
20140727-M-Atlanta-F-John_Isner-Dudi_Sela,John Isner,Dudi Sela,R,R,M,20140727,Atlanta,F,,,Hard,,3,1,Bobby
20140725-M-Atlanta-QF-John_Isner-Marinko_Matosevic,John Isner,Marinko Matosevic,R,R,M,20140725,Atlanta,QF,,,Hard,,3,1,Bobby
20140721-M-Umag-R32-Ante_Pavic-Horacio_Zeballos,Ante Pavic,Horacio Zeballos,R,L,M,20140721,Umag,R32,,,Clay,,3,1,Amy
20140720-M-Bogota-F-Bernard_Tomic-Ivo_Karlovic,Bernard Tomic,Ivo Karlovic,R,R,M,20140720,Bogota,F,,,Hard,,3,1,Amy
20140719-M-Poznan_CH-SF-Adam_Pavlasek-David_Goffin,Adam Pavlasek,David Goffin,R,R,M,20140719,Poznan CH,SF,,,Clay,,3,1,jeffsackmann
20140719-M-Bogota-SF-Bernard_Tomic-Victor_Estrella,Bernard Tomic,Victor Estrella,R,R,M,20140719,Bogota,SF,,,Hard,,3,1,Amy
20140715-M-Poznan_CH-R32-Andreas_Haider_Maurer-Christian_Garin,Andreas Haider Maurer,Christian Garin,R,R,M,20140715,Poznan CH,R32,,,Clay,,3,1,jeffsackmann
20140714-M-Hamburg-R64-Jan_Lennard_Struff-Filip_Krajinovic,Jan Lennard Struff,Filip Krajinovic,R,R,M,20140714,Hamburg,R64,,,Clay,Cedric Mourier,3,1,jeffsackmann
20140714-M-Bogota-QF-Jimmy_Wang-Ivo_Karlovic,Jimmy Wang,Ivo Karlovic,R,R,M,20140714,Bogota,QF,,,Hard,,3,1,Amy
20140713-M-Scheveningen_CH-F-David_Goffin-Andreas_Beck,David Goffin,Andreas Beck,R,L,M,20140713,Scheveningen CH,F,,,Clay,,3,1,jeffsackmann
20140713-M-Portoroz_CH-F-Gilles_Muller-Blaz_Kavcic,Gilles Muller,Blaz Kavcic,L,R,M,20140713,Portoroz CH,F,,,Hard,,3,1,jeffsackmann
20140711-M-Bastad-QF-Renzo_Olivo-Pablo_Cuevas,Renzo Olivo,Pablo Cuevas,R,R,M,20140711,Bastad,QF,11:00 AM,,Clay,Felix Torralba,3,1,jeffsackmann
20140710-M-Newport-QF-Samuel_Groth-Nicolas_Mahut,Samuel Groth,Nicolas Mahut,R,R,M,20140710,Newport,QF,,,Grass,Fergus Murphy,3,1,jeffsackmann
20140710-M-Bastad-R16-Victor_Hanescu-David_Ferrer,Victor Hanescu,David Ferrer,R,R,M,20140710,Bastad,R16,,,Clay,Carlos Bernardes,3,1,jeffsackmann
20140709-M-Stuttgart-R32-Alexander_Zverev-Lukas_Rosol,Alexander Zverev,Lukas Rosol,R,R,M,20140709,Stuttgart,R32,6:30 PM,,Clay,Damian Steiner,3,1,jeffsackmann
20140709-M-Bastad-R16-Joao_Sousa-Elias_Ymer,Joao Sousa,Elias Ymer,R,R,M,20140709,Bastad,R16,,,Clay,Felix Torralba,3,1,jeffsackmann
20140704-M-Winnetka_CH-QF-John_Patrick_Smith-Illya_Marchenko,John Patrick Smith,Illya Marchenko,L,R,M,20140704,Winnetka CH,QF,,,Hard,,3,1,jeffsackmann
20140701-M-Wimbledon-R16-Nick_Kyrgios-Rafael_Nadal,Nick Kyrgios,Rafael Nadal,R ,L,M,20140701,Wimbledon,R16,4:00 PM,Centre,Grass,Carlos Bernardes,5,0,DebLDecker
20140630-M-Winnetka_CH-F-Farrukh_Dustov-Denis_Kudla,Farrukh Dustov,Denis Kudla,R,R,M,20140630,Winnetka CH,F,,,Hard,,3,1,Amy
20140628-M-Wimbledon-R32-Mikhail_Kukushkin-Rafael_Nadal,Mikhail Kukushkin,Rafael Nadal,R ,L,M,20140628,Wimbledon,R32,1:00 PM,Centre,Grass,Pascal Maria,5,0,DebLDecker
20140628-M-Padova_CH-SF-Nikola_Cacic-Maximo_Gonzalez,Nikola Cacic,Maximo Gonzalez,R,R,M,20140628,Padova CH,SF,Day,Central,Clay,,3,1,d
20140626-M-Wimbledon-R64-Rafael_Nadal-Lukas_Rosol,Rafael Nadal,Lukas Rosol,L,R ,M,20140626,Wimbledon,R64,1:00 PM,Centre,Grass,James Keothavong,5,0,DebLDecker
20140625-M-Wimbledon-R64-Tomas_Berdych-Bernard_Tomic,Tomas Berdych,Bernard Tomic,R,R,M,20140625,Wimbledon,R64,,Court 1,Grass,,5,0,Bobby
20140624-M-Wimbledon-R128-Kenny_De_Schepper-Kei_Nishikori,Kenny De Schepper,Kei Nishikori,L,R,M,20140624,Wimbledon,R128,,,Grass,Ali Nili,5,0,jeffsackmann
20140616-M-Eastbourne-R32-Ivo_Karlovic-Jeremy_Chardy,Ivo Karlovic,Jeremy Chardy,R,R,M,20140616,Eastbourne,R32,,,Grass,,3,1,qthetennisfan
20140614-M-Queens_Club-SF-Stanislas_Wawrinka-Grigor_Dimitrov,Stanislas Wawrinka,Grigor Dimitrov,R,R,M,20140614,Queens Club,SF,,,Grass,,3,1,Eric J
20140613-M-Halle-QF-Kei_Nishikori-Steve_Johnson,Kei Nishikori,Steve Johnson,R,R,M,20140613,Halle,QF,,Stadium,Grass,Roland Herfel,3,1,jeffsackmann
20140612-M-Halle-R16-Dustin_Brown-Rafael_Nadal,Dustin Brown,Rafael Nadal,R ,L,M,20140612,Halle,R16,5:30 PM,Stadium,Grass,Carlos Bernardes,3,1,DebLDecker
20140611-M-Halle-R16-Robin_Haase-Alejandro_Falla,Robin Haase,Alejandro Falla,R,L,M,20140611,Halle,R16,,Stadium,Grass,Carlos Bernardes,3,1,jeffsackmann
20140611-M-Caltanissetta_CH-R16-Marco_Cecchinato-Facundo_Bagnis,Marco Cecchinato,Facundo Bagnis,R,L,M,20140611,Caltanissetta CH,R16,,,Clay,,3,1,jeffsackmann
20140609-M-Queens_Club-R32-Blaz_Rola-James_Ward,Blaz Rola,James Ward,L,R,M,20140609,Queen's Club,R32,,Centre,Grass,,3,1,jeffsackmann
20140609-M-Prague_CH-R32-Steven_Diez-Renzo_Olivo,Steven Diez,Renzo Olivo,R,R,M,20140609,Prague CH,R32,Day,Court 1,Clay,,3,1,d
20140608-M-Roland_Garros-F-Novak_Djokovic-Rafael_Nadal,Novak Djokovic,Rafael Nadal,R ,L,M,20140608,Roland Garros,F,3:00 PM,Philippe Chatrier,Clay,Pascal Maria,5,0,DebLDecker
20140606-M-Roland_Garros-SF-Rafael_Nadal-Andy_Murray,Rafael Nadal,Andy Murray,L,R ,M,20140606,Roland Garros,SF,4:00 PM,Philippe Chatrier,Clay,Damien Dumusois,5,0,DebLDecker
20140604-M-Roland_Garros-QF-David_Ferrer-Rafael_Nadal,David Ferrer,Rafael Nadal,R ,L,M,20140604,Roland Garros,QF,6:45 PM,Suzanne Lenglen,Clay,James Keothavong,5,0,DebLDecker
20140601-M-Roland_Garros-R16-Rafael_Nadal-Dusan_Lajovic,Rafael Nadal,Dusan Lajovic,L,R,M,20140601,Roland Garros,R16,13:30 PM,Philippe Chatrier,Clay,Pierre Bacchi,5,0,DebLDecker
20140531-M-Roland_Garros-R32-Leonardo_Mayer-Rafael_Nadal,Leonardo Mayer,Rafael Nadal,R ,L,M,20140531,Roland Garros,R32,3:45 PM,Philippe Chartrier,Clay,Pascal Maria,5,0,DebLDecker
20140530-M-Vicenza_CH-QF-Yoshihito_Nishioka-Andrej_Martin,Yoshihito Nishioka,Andrej Martin,L,R,M,20140530,Vicenza CH,QF,,,Clay,,3,1,jeffsackmann
20140529-M-French_Open-R64-Rafael_Nadal-Dominic_Thiem,Rafael Nadal,Dominic Thiem,L,R ,M,20140529,French Open,R64,1:00 PM,Philippe Chatrier,Clay,Carlos Bernardes,5,0,DebLDecker
20140528-M-Roland_Garros-R64-Roger_Federer-Diego_Sebastian_Schwartzman,Roger Federer,Diego Sebastian Schwartzman,R,R,M,20140528,Roland Garros,R64,,Lenglen,Clay,,5,0,jeffsackmann
20140526-M-Roland_Garros-R128-Robby_Ginepri-Rafael_Nadal,Robby Ginepri,Rafael Nadal,R ,L,M,20140526,Roland Garros,R128,5:30 PM,Suzanne Lenglen,Clay,Pierre Bacchi,5,0,DebLDecker
20140524-M-Nice-F-Ernests_Gulbis-Federico_Delbonis,Ernests Gulbis,Federico Delbonis,R,L,M,20140524,Nice,F,,Centre,Clay,,3,1,James
20140520-M-Dusseldorf-R32-Nikolay_Davydenko-Dudi_Sela,Nikolay Davydenko,Dudi Sela,R,R,M,20140520,Dusseldorf,R32,,,Clay,Damian Steiner,3,1,jeffsackmann
20140519-M-Dusseldorf-R32-Dustin_Brown-Yen_Hsun_Lu,Dustin Brown,Yen Hsun Lu,R,R,M,20140519,Dusseldorf,R32,,,Clay,Fergus Murphy,3,1,jeffsackmann
20140518-M-Rome_Masters-F-Novak_Djokovic-Rafael_Nadal,Novak Djokovic,Rafael Nadal,R ,L,M,20140518,Rome Masters,F,4:00 PM,Centrale,Clay,Carlos Bernardes,3,1,DebLDecker
20140517-M-Rome_Masters-SF-Grigor_Dimitrov-Rafael_Nadal,Grigor Dimitrov,Rafael Nadal,R ,L,M,20140517,Rome Masters,SF,8:00 PM,Centrale,Clay,Mohamed El Jennati,3,1,DebLDecker
20140516-M-Rome_Masters-QF-Andy_Murray-Rafael_Nadal,Andy Murray,Rafael Nadal,R ,L,M,20140516,Rome Masters,QF,9:00 PM,Centrale,Clay,Mohamed Lahyani,3,1,DebLDecker
20140515-M-Rome_Masters-R16-Mikhail_Youzhny-Rafael_Nadal,Mikhail Youzhny,Rafael Nadal,R ,L,M,20140515,Rome Masters,R16,4:30 PM,Centrale,Clay,Mohamed Al Jennati,3,1,DebLDecker
20140515-M-Busan_CH-R16-Amir_Weintraub-Daniel_Smethurst,Amir Weintraub,Daniel Smethurst,R,R,M,20140515,Busan CH,R16,Day,Court 1,Hard,,3,1,d
20140514-M-Rome_Masters-R32-Roger_Federer-Jeremy_Chardy,Roger Federer,Jeremy Chardy,R,R,M,20140514,Rome Masters,R32,,Centre,Clay,,3,1,qthetennisfan
20140514-M-Rome_Masters-R32-Gilles_Simon-Rafael_Nadal,Gilles Simon,Rafael Nadal,R ,L,M,20140514,Rome Masters,R32,7:15 PM,Centrale,Clay,Damian Steiner,3,1,DebLDecker
20140514-M-Rome_Masters-R32-Ernests_Gulbis-Stephane_Robert,Ernests Gulbis,Stephane Robert,R,R,M,20140514,Rome Masters,R32,,,Clay,Mohamed El Jennati,3,1,jeffsackmann
20140512-M-Rome_Masters-R64-Pere_Riba-Paolo_Lorenzi,Pere Riba,Paolo Lorenzi,R,R,M,20140512,Rome Masters,R64,,Pietrangeli,Clay,,3,1,jeffsackmann
20140511-M-Madrid_Masters-F-Rafael_Nadal-Kei_Nishikori,Rafael Nadal,Kei Nishikori,L,R ,M,20140511,Madrid Masters,F,7:15 PM,Manolo Santana,Clay,Damien Dumusois,3,1,DebLDecker
20140510-M-Madrid_Masters-SF-Roberto_Bautista_Agut-Rafael_Nadal,Roberto Bautista Agut,Rafael Nadal,R ,L,M,20140510,Madrid Masters,SF,4:00 PM,Manolo Santana,Clay,Carlos Bernardes,3,1,DebLDecker
20140509-M-Rome_CH-QF-Mate_Delic-Julian_Reister,Mate Delic,Julian Reister,R,R,M,20140509,Rome CH,QF,Day,Court 1,Clay,,3,1,d
20140509-M-Madrid_Masters-QF-Tomas_Berdych-Rafael_Nadal,Tomas Berdych,Rafael Nadal,R ,L,M,20140509,Madrid Masters,QF,3:30 PM,Manolo Santana,Clay,Mohamed Lahyani,3,1,DebLDecker
20140508-M-Madrid_Masters-R16-Jarkko_Nieminen-Rafael_Nadal,Jarkko Nieminen,Rafael Nadal,L,L,M,20140508,Madrid Masters,R16,3:30 PM,Manolo Santana,Clay,Damien Dumusois,3,1,DebLDecker
20140507-M-Madrid_Masters-R32-Rafael_Nadal-Juan_Monaco,Rafael Nadal,Juan Monaco,L,R ,M,20140507,Madrid Masters,R32,3:15 PM,Manolo Santana,Clay,Carlos Bernardes,3,1,DebLDecker
20140507-M-Madrid_Masters-R32-Paul_Henri_Mathieu-Marin_Cilic,Paul Henri Mathieu,Marin Cilic,R,R,M,20140507,Madrid Masters,R32,,Stadium 3,Clay,James Keothavong,3,1,jeffsackmann
20140506-M-Madrid_Masters-R64-Nicolas_Almagro-Andrey_Golubev,Nicolas Almagro,Andrey Golubev,R,R,M,20140506,Madrid Masters,R64,,,Clay,Fergus Murphy,3,1,jeffsackmann
20140503-M-Munich-SF-Tommy_Haas-Martin_Klizan,Tommy Haas,Martin Klizan,R,L,M,20140503,Munich,SF,,,Clay,Felix Torralba,3,1,jeffsackmann
20140503-M-Munich-SF-Jan_Lennard_Struff-Fabio_Fognini,Jan Lennard Struff,Fabio Fognini,R,R,M,20140503,Munich,SF,,,Clay,,3,1,jeffsackmann
20140502-M-Tunis_CH-SF-Mate_Delic-Simone_Bolelli,Mate Delic,Simone Bolelli,R,R,M,20140502,Tunis CH,SF,,,Clay,,3,1,jeffsackmann
20140429-M-Cali_CH-R32-Mathias_Bourgue-Gonzalo_Lama,Mathias Bourgue,Gonzalo Lama,R,R,M,20140429,Cali CH,R32,Day,Court 1,Clay,,3,1,d
20140427-M-Barcelona-F-Santiago_Giraldo-Kei_Nishikori,Santiago Giraldo,Kei Nishikori,R,R,M,20140427,Barcelona,F,16:00,,Clay,Mohamed Lahyani,3,1,jeffsackmann
20140425-M-Barcelona-QF-Nicolas_Almagro-Rafael_Nadal,Nicolas Almagro,Rafael Nadal,R ,L,M,20140425,Barcelona,QF,3:30 PM,Pista Central,Clay,Mohamed Lahyani,3,1,DebLDecker
20140424-M-Barcelona-R16-Ivan_Dodig-Rafael_Nadal,Ivan Dodig,Rafael Nadal,R ,L,M,20140424,Barcelona,R16,7:30 PM,Pista Central,Clay,Mohamed El Jennati,3,1,DebLDecker
20140423-M-Barcelona-R32-Albert_Ramos-Rafael_Nadal,Albert Ramos,Rafael Nadal,L,L,M,20140423,Barcelona,R32,3:30 PM,Pista Central,Clay,Magdi Somat,3,1,DebLDecker
20140418-M-Monte_Carlo_Masters-QF-David_Ferrer-Rafael_Nadal,David Ferrer,Rafael Nadal,R ,L,M,20140418,Monte Carlo Masters,QF,12:30 PM,Central,Clay,Carlos Bernardes,3,1,DebLDecker
20140417-M-Monte_Carlo_Masters-R16-Andreas_Seppi-Rafael_Nadal,Andreas Seppi,Rafael Nadal,R ,L,M,20140417,Monte Carlo Masters,R16,2:00 PM,Central,Clay,Cedric Mourier,3,1,DebLDecker
20140416-M-Monte_Carlo_Masters-R32-Rafael_Nadal-Teymuraz_Gabashvili,Rafael Nadal,Teymuraz Gabashvili,L,R ,M,20140416,Monte Carlo Masters,R32,2:00 PM,Central,Clay,Pascal Maria,3,1,DebLDecker
20140415-M-San_Luis_Potosi_CH-R32-Paolo_Lorenzi-Mauricio_Echazu,Paolo Lorenzi,Mauricio Echazu,R,R,M,20140415,San Luis Potosi CH,R32,Afternoon,Central,Clay,,3,1,d
20140414-M-Sao_Paulo_CH-R32-Horacio_Zeballos-Ricardo_Hocevar,Horacio Zeballos,Ricardo Hocevar,L,R,M,20140414,Sao Paulo CH,R32,Night,Quadra Central,Clay,,3,1,d
20140409-M-Itajai-R32-Mohamed_Safwat-Eduardo_Russi,Mohamed Safwat,Eduardo Russi,R,R,M,20140409,Itajai,R32,Morning,Centre,Clay,,3,1,d
20140330-M-Miami_Masters-F-Novak_Djokovic-Rafael_Nadal,Novak Djokovic,Rafael Nadal,R ,L,M,20140330,Miami Masters,F,2:30 PM,Stadium,Hard,Mohamed Lahyani,3,1,DebLDecker
20140327-M-Miami_Masters-QF-Milos_Raonic-Rafael_Nadal,Milos Raonic,Rafael Nadal,R ,L,M,20140327,Miami Masters,QF,7:00 PM,Stadium,Hard,Cedric Mourier,3,1,DebLDecker
20140326-M-Miami_Masters-QF-Roger_Federer-Kei_Nishikori,Roger Federer,Kei Nishikori,R,R,M,20140326,Miami Masters,QF,21:30,Stadium,Hard,Mohamed Lahyani,3,1,jeffsackmann
20140325-M-Miami_Masters-R16-Jo_Wilfried_Tsonga-Andy_Murray,Jo Wilfried Tsonga,Andy Murray,R,R,M,20140325,Miami Masters,R16,15:30,Stadium,Hard,Mohamed Lahyani,3,1,jeffsackmann
20140325-M-Miami_Masters-R16-Fabio_Fognini-Rafael_Nadal,Fabio Fognini,Rafael Nadal,R ,L,M,20140325,Miami Masters,R16,9:30 PM,Stadium,Hard,Damian Steiner,3,1,DebLDecker
20140324-M-Miami_Masters-R32-Dusan_Lajovic-Alexandr_Dolgopolov,Dusan Lajovic,Alexandr Dolgopolov,R,R,M,20140324,Miami Masters,R32,12:30,Grandstand,Hard,Fergus Murphy,3,1,jeffsackmann
20140324-M-Miami_Masters-R32-Denis_Istomin-Rafael_Nadal,Denis Istomin,Rafael Nadal,R ,L,M,20140324,Miami Masters,R32,6:15 PM,Stadium,Hard,Carlos Bernardes,3,1,DebLDecker
20140323-M-Miami_Masters-R32-Roger_Federer-Thiemo_De_Bakker,Roger Federer,Thiemo De Bakker,R,R,M,20140323,Miami Masters,R32,14:45,Center,Hard,Mohamed Lahyani,3,1,jeffsackmann
20140322-M-Miami_Masters-R64-Lleyton_Hewitt-Rafael_Nadal,Lleyton Hewitt,Rafael Nadal,R,L ,M,20140322,Miami Masters,R64,10:30 PM,Stadium,Hard,Gerry Armstrong,3,1,DebLDecker
20140322-M-Miami_Masters-R64-Donald_Young-John_Isner,Donald Young,John Isner,L,R,M,20140322,Miami Masters,R64,16:45,Center,Hard,Mohamed Lahyani,3,1,jeffsackmann
20140321-M-Miami_Masters-R64-Adrian_Mannarino-Jo_Wilfried_Tsonga,Adrian Mannarino,Jo Wilfried Tsonga,L,R,M,20140321,Miami Masters,R64,20:30,Grandstand,Hard,Gerry Armstrong,3,1,jeffsackmann
20140320-M-Miami_Masters-R128-Pablo_Carreno_Busta-Joao_Sousa,Pablo Carreno Busta,Joao Sousa,R,R,M,20140320,Miami Masters,R128,18:00,Court 1,Hard,Fergus Murphy,3,1,jeffsackmann
20140319-M-Miami_Masters-R128-Lukasz_Kubot-Matthew_Ebden,Lukasz Kubot,Matthew Ebden,R,R,M,20140319,Miami Masters,R128,11:00,Grandstand,Hard,Cedric Mourier,3,1,jeffsackmann
20140317-M-Rimouski_CH-R32-Izak_Van_Der_Merwe-Daniel_Cox,Izak Van Der Merwe,Daniel Cox,R,R,M,20140317,Rimouski CH,R32,,Centre,Indoor Hard,,3,1,d
20140316-M-Indian_Wells_Masters-F-Roger_Federer-Novak_Djokovic,Roger Federer,Novak Djokovic,R,R,M,20140316,Indian Wells Masters,F,14:00,Stadium 1,Hard,Ali Nili,3,1,jeffsackmann
20140315-M-Indian_Wells_Masters-SF-John_Isner-Novak_Djokovic,John Isner,Novak Djokovic,R,R,M,20140315,Indian Wells Masters,SF,13:45,Stadium 1,Hard,Carlos Bernardes,3,1,jeffsackmann
20140312-M-Indian_Wells_Masters-R16-Tommy_Haas-Roger_Federer,Tommy Haas,Roger Federer,R,R,M,20140312,Indian Wells Masters,R16,,Stadium 1,Hard,Felix Torralba,3,1,jeffsackmann
20140311-M-Indian_Wells_Masters-R32-Mikhail_Kukushkin-Feliciano_Lopez,Mikhail Kukushkin,Feliciano Lopez,R,L,M,20140311,Indian Wells Masters,R32,,Stadium 2,Hard,Ali Nili,3,1,jeffsackmann
20140311-M-Indian_Wells_Masters-R32-Julien_Benneteau-Dominic_Thiem,Julien Benneteau,Dominic Thiem,R,R,M,20140311,Indian Wells Masters,R32,,,Hard,Fergus Murphy,3,1,jeffsackmann
20140310-M-Indian_Wells_Masters-R32-Jiri_Vesely-Andy_Murray,Jiri Vesely,Andy Murray,L,R,M,20140310,Indian Wells Masters,R32,,,Hard,Mohamed Lahyani,3,1,jeffsackmann
20140310-M-Indian_Wells_Masters-R32-Alexandr_Dolgopolov-Rafael_Nadal,Alexandr Dolgopolov,Rafael Nadal,R ,L,M,20140310,Indian Wells Masters,R32,5:55 PM,Center,Hard,Mohamed Lahyani,3,1,DebLDecker
20140308-M-Indian_Wells_Masters-R64-Stanislas_Wawrinka-Ivo_Karlovic,Stanislas Wawrinka,Ivo Karlovic,R,R,M,20140308,Indian Wells Masters,R64,,,Hard,Felix Torralba,3,1,jeffsackmann
20140308-M-Indian_Wells_Masters-R64-Radek_Stepanek-Rafael_Nadal,Radek Stepanek,Rafael Nadal,R ,L,M,20140308,Indian Wells Masters,R64,7:15 PM,Center,Hard,Magdi Somat,3,1,DebLDecker
20140301-M-Dubai-F-Tomas_Berdych-Roger_Federer,Tomas Berdych,Roger Federer,R,R,M,20140301,Dubai,F,,,Hard,Mohamed Lahyani,3,1,jeffsackmann
20140228-M-Dubai-SF-Novak_Djokovic-Roger_Federer,Novak Djokovic,Roger Federer,R,R,M,20140228,Dubai,SF,,Centre,Hard,Mohamed el Jennati,3,1,Sagar Manohar
20140224-M-Cherbourg_CH-Q3-Rudy_Coco-Taro_Daniel,Rudy Coco,Taro Daniel,L,R,M,20140224,Cherbourg CH,Q3,Morning,Central,Indoor Hard,,3,1,d
20140223-M-Rio_de_Janeiro-F-Rafael_Nadal-Alexandr_Dolgopolov,Rafael Nadal,Alexandr Dolgopolov,L,R ,M,20140223,Rio de Janeiro,F,5:00 PM,Center,Clay,Damien Dumusois,3,1,DebLDecker
20140222-M-Rio_de_Janeiro-SF-Rafael_Nadal-Pablo_Andujar,Rafael Nadal,Pablo Andujar,L,R ,M,20140222,Rio de Janeiro,SF,7:00 PM,Center,Clay ,Mohamed Fitouhi,3,1,DebLDecker
20140221-M-Rio_de_Janeiro-QF-Rafael_Nadal-Joao_Sousa,Rafael Nadal,Joao Sousa,L,R ,M,20140221,Rio de Janeiro,QF,21:30,Center,Clay,Damien Dumusois,3,1,DebLDecker
20140220-M-Rio_de_Janeiro-R16-Albert_Montanes-Rafael_Nadal,Albert Montanes,Rafael Nadal,R,L,M,20140220,Rio de Janeiro,R16,08: PM,Center,Clay,Magdi Somat,3,1,DebLDecker
20140218-M-Rio_de_Janeiro-R32-Rafael_Nadal-Daniel_Gimeno_Traver,Rafael Nadal,Daniel Gimeno Traver,L,R ,M,20140218,Rio de Janeiro,R32,20:20,Center,Clay,Adel Nour,3,1,DebLDecker
20140210-M-Memphis-R32-Nick_Kyrgios-Tim_Smyczek,Nick Kyrgios,Tim Smyczek,R,R,M,20140210,Memphis,R32,8:00PM,Centre,Indoor Hard,,3,1,FSOT
20140201-M-Burnie_CH-F-Hiroki_Moriya-Matt_Reid,Hiroki Moriya,Matt Reid,R,R,M,20140201,Burnie CH,F,,Centre,Hard,,3,1,FSOT
20140126-M-Australian_Open-F-Stanislas_Wawrinka-Rafael_Nadal,Stanislas Wawrinka,Rafael Nadal,R ,L,M,20140126,Australian Open,F,7:30,Rod Laver,Hard,Carlos Ramos,5,0,DebLDecker
20140124-M-Maui_CH-QF-Takanyi_Garanganga-Tsung_Hua_Yang,Takanyi Garanganga,Tsung Hua Yang,R,R,M,20140124,Maui CH,QF,,Stadium,Hard,Keith Crossland,3,1,jeffsackmann
20140124-M-Australian_Open-SF-Roger_Federer-Rafael_Nadal,Roger Federer,Rafael Nadal,R,L,M,20140124,Australian Open,SF,8:00 PM,RLA,Hard,Jake Garner,5,0,jeffsackmann
20140122-M-Australian_Open-QF-Grigor_Dimitrov-Rafael_Nadal,Grigor Dimitrov,Rafael Nadal,R ,L,M,20140122,Australian Open,QF,3:00 PM,Rod Laver,Hard,Carlos Bernardes,5,0,DebLDecker
20140120-M-Australian_Open-R16-Roger_Federer-Jo_Wilfried_Tsonga,Roger Federer,Jo Wilfried Tsonga,R,R,M,20140120,Australian Open,R16,,,Hard,,3,1,jeffsackmann
20140120-M-Australian_Open-R16-Kei_Nishikori-Rafael_Nadal,Kei Nishikori,Rafael Nadal,R ,L,M,20140120,Australian Open,R16,3:45,Rod Laver,Hard,Eva Asderaki,5,0,DebLDecker
20140118-M-Australian_Open-R32-Gael_Monfils-Rafael_Nadal,Gael Monfils,Rafael Nadal,R,L,M,20140118,Australian Open,R32,9:30 PM,Rod Laver,Hard,Jake Garner,5,0,DebLDecker
20140117-M-Australian_Open-R32-Tomas_Berdych-Damir_Dzumhur,Tomas Berdych,Damir Dzumhur,R,R,M,20140117,Australian Open,R32,,,Hard,Eva Asderaki,5,0,jeffsackmann
20140116-M-Australian_Open-R64-Thanasi_Kokkinakis-Rafael_Nadal,Thanasi Kokkinakis,Rafael Nadal,R,L,M,20140116,Australian Open,R64,5:15 PM,Rod Laver,Hard,Gerry Armstrong,5,0,DebLDecker
20140114-M-Australian_Open-R128-Nick_Kyrgios-Benjamin_Becker,Nick Kyrgios,Benjamin Becker,R,R,M,20140114,Australian Open,R128,,Show Court 3,Hard,,5,0,jeffsackmann
20140113-M-Australian_Open-R128-Bernard_Tomic-Rafael_Nadal,Bernard Tomic,Rafael Nadal,R ,L,M,20140113,Australian Open,R128,8:40 PM,Rod Laver Arena,Hard,James Keothavong,5,0,DebLDecker
20140111-M-Sydney-F-Bernard_Tomic-Juan_Martin_Del_Potro,Bernard Tomic,Juan Martin Del Potro,R,R,M,20140111,Sydney,F,,,Hard,,3,1,Backstop5
20140110-M-Auckland-SF-David_Ferrer-Yen_Hsun_Lu,David Ferrer,Yen Hsun Lu,R,R,M,20140110,Auckland,SF,,,Hard,Dimitar Trifunovski,3,1,jeffsackmann
20140109-M-Sydney-QF-Marinko_Matosevic-Sergiy_Stakhovsky,Marinko Matosevic,Sergiy Stakhovsky,R,R,M,20140109,Sydney,QF,,,Hard,,3,1,FSOT
20140109-M-Auckland-QF-Roberto_Bautista_Agut-Jack_Sock,Roberto Bautista Agut,Jack Sock,R,R,M,20140109,Auckland,QF,,Centre,Hard,Paula Vieira,3,1,FSOT
20140108-M-Auckland-R16-Tommy_Haas-Jack_Sock,Tommy Haas,Jack Sock,R,R,M,20140108,Auckland,R16,,,Hard,Damien Dumusois,3,1,jeffsackmann
20140107-M-Auckland-R32-Michal_Przysiezny-Benoit_Paire,Michal Przysiezny,Benoit Paire,R,R,M,20140107,Auckland,R32,3:00PM,Centre,Hard,,3,1,FSOT
20140107-M-Auckland-R32-Jose_Rubin_Statham-Lukas_Lacko,Jose Rubin Statham,Lukas Lacko,R,R,M,20140107,Auckland,R32,12:00PM,Centre,Hard,Paula Vieira,3,1,FSOT
20140105-M-Sao_Paulo_CH-F-Alejandro_Gonzalez-Joao_Souza,Alejandro Gonzalez,Joao Souza,R,R,M,20140105,Sao Paulo CH,F,11:00AM,C,Hard,,3,1,FSOT
20140105-M-Brisbane-F-Roger_Federer-Lleyton_Hewitt,Roger Federer,Lleyton Hewitt,R,R,M,20140105,Brisbane,F,,,Hard,Mohamed Lahyani,3,1,jeffsackmann
20140104-M-Doha-F-Rafael_Nadal-Gael_Monfils,Rafael Nadal,Gael Monfils,L,R,M,20140104,Doha,F,6:00 PM,,Hard,Manuel Messina,3,1,DebLDecker
20140104-M-Chennai-SF-Edouard_Roger_Vasselin-Marcel_Granollers,Edouard Roger Vasselin,Marcel Granollers,R,R,M,20140104,Chennai,SF,5:00PM,Centre,Hard,Christophe Damaske,3,1,FSOT
20140104-M-Brisbane-SF-Lleyton_Hewitt-Kei_Nishikori,Lleyton Hewitt,Kei Nishikori,R,R,M,20140104,Brisbane,SF,,,Hard,,3,1,jeffsackmann
20140103-M-Sao_Paulo_CH-QF-Gastao_Elias-Facundo_Arguello,Gastao Elias,Facundo Arguello,R,R,M,20140103,Sao Paulo CH,QF,,Centre,Hard,,3,1,JJ
20140103-M-Doha-SF-Peter_Gojowczyk-Rafael_Nadal,Peter Gojowczyk,Rafael Nadal,R ,L,M,20140103,Doha,SF,6:25,Centre,Hard,Cedric Mourier,3,1,DebLDecker
20140103-M-Chennai-QF-Aljaz_Bedene-Stanislas_Wawrinka,Aljaz Bedene,Stanislas Wawrinka,R,R,M,20140103,Chennai,QF,5:00pm,One,Hard,Christophe Damaske,3,1,FSOT
20140102-M-Doha-QF-Ernests_Gulbis-Rafael_Nadal,Ernests Gulbis,Rafael Nadal,R ,L,M,20140102,Doha,QF,8:10 PM,Centre,Hard,Cedric Mourier,3,1,DebLDecker
20140102-M-Brisbane-QF-Roger_Federer-Marinko_Matosevic,Roger Federer,Marinko Matosevic,R,R,M,20140102,Brisbane,QF,,,Hard,,3,1,Isaac
20140101-M-Doha-R16-Rafael_Nadal-Tobias_Kamke,Rafael Nadal,Tobias Kamke,L,R ,M,20140101,Doha,R16,5:50 PM,Centre,Hard,Manuel Messina,3,1,DebLDecker
20140101-M-Brisbane-R16-Marin_Cilic-Grigor_Dimitrov,Marin Cilic,Grigor Dimitrov,R,R,M,20140101,Brisbane,R16,,,Hard,Mohamed Lahyani,3,1,dropshot
20131231-M-Doha-R32-Rafael_Nadal-Lukas_Rosol,Rafael Nadal,Lukas Rosol,L ,R,M,20131231,Doha,R32,6:00 PM,Centre,Hard,Cedric Mourier,3,1,DebLDecker
20131230-M-Brisbane-R32-Grigor_Dimitrov-Robin_Haase,Grigor Dimitrov,Robin Haase,R,R,M,20131230,Brisbane,R32,,,Hard,,3,1,EricJ
20131117-M-CH_Tour_Finals-F-Alejandro_Gonzalez-Filippo_Volandri,Alejandro Gonzalez,Filippo Volandri,R,R,M,20131117,CH Tour Finals,F,,,Clay,,3,1,jeffsackmann
20131116-M-CH_Tour_Finals-SF-Teymuraz_Gabashvili-Filippo_Volandri,Teymuraz Gabashvili,Filippo Volandri,R,R,M,20131116,CH Tour Finals,SF,,,,,3,1,jeffsackmann
20131114-M-CH_Tour_Finals-RR-Teymuraz_Gabashvili-Aleksandr_Nedovyesov,Teymuraz Gabashvili,Aleksandr Nedovyesov,R,R,M,20131114,CH Tour Finals,RR,,,Clay,,3,1,jeffsackmann
20131114-M-CH_Tour_Finals-RR-Alejandro_Gonzalez-Jesse_Huta_Galung,Alejandro Gonzalez,Jesse Huta Galung,R,R,M,20131114,CH Tour Finals,RR,,,Clay,,3,1,jeffsackmann
20131113-M-CH_Tour_Finals-RR-Guilherme_Clezar-Aleksandr_Nedovyesov,Guilherme Clezar,Aleksandr Nedovyesov,R,R,M,20131113,CH Tour Finals,RR,,,Clay,,3,1,jeffsackmann
20131112-M-Champaign_CH-R32-Tennys_Sandgren-Filip_Peliwo,Tennys Sandgren,Filip Peliwo,R,R,M,2013 11 12,Champaign CH,R32,8:20 PM CST,1,Indoor hard,,3,1,jeffsackmann
20131112-M-Champaign_CH-R32-Marcos_Giron-Rajeev_Ram,Marcos Giron,Rajeev Ram,R,R,M,20131112,Champaign CH,R32,7pm CT,,Indoor hard,,3,1,jeffsackmann
20131111-M-Tour_Finals-F-Novak_Djokovic-Rafael_Nadal,Novak Djokovic,Rafael Nadal,R,L,M,20131111,Tour Finals,F,,,Indoor hard,Mo,3,1,jeffsackmann
20131110-M-Tour_Finals-SF-Roger_Federer-Rafael_Nadal,Roger Federer,Rafael Nadal,R,L,M,20131110,Tour Finals,SF,,,Indoor hard,,3,1,jeffsackmann
20131110-M-Tour_Finals-SF-Novak_Djokovic-Stanislas_Wawrinka,Novak Djokovic,Stanislas Wawrinka,R,R,M,20131110,Tour Finals,SF,,,Indoor hard,,3,1,jeffsackmann
20131109-M-Tour_Finals-RR-Roger_Federer-Juan_Martin_Del_Potro,Roger Federer,Juan Martin Del Potro,R,R,M,20131109,Tour Finals,RR,,,Hard,,3,1,jeffsackmann
20131108-M-Tour_Finals-RR-Stanislas_Wawrinka-David_Ferrer,Stanislas Wawrinka,David Ferrer,R,R,M,20131108,Tour Finals,RR,,,Indoor hard,,3,1,jeffsackmann
20131107-M-Tour_Finals-RR-Richard_Gasquet-Roger_Federer,Richard Gasquet,Roger Federer,R,R,M,20131107,Tour Finals,RR,,,Indoor hard,Damien Steiner,3,1,jeffsackmann
20131107-M-Tour_Finals-RR-Novak_Djokovic-Juan_Martin_Del_Potro,Novak Djokovic,Juan Martin Del Potro,R,R,M,20131107,Tour Finals,RR,,,Indoor hard,Mo,3,1,jeffsackmann
20131106-M-Tour_Finals-RR-David_Ferrer-Tomas_Berdych,David Ferrer,Tomas Berdych,R,R,M,20131106,Tour Finals,RR,,,Indoor hard,,3,1,jeffsackmann
20131104-M-Tour_Finals-RR-Richard_Gasquet-Juan_Martin_Del_Potro,Richard Gasquet,Juan Martin Del Potro,R,R,M,20131104,Tour Finals,RR,,,Indoor Hard,,3,1,jeffsackmann
20131103-M-Paris_Masters-F-Novak_Djokovic-David_Ferrer,Novak Djokovic,David Ferrer,R,R,M,20131103,Paris Masters,F,3:00pm,Centre,Hard Indoor,Damien Dumusois,3,1,Backstop5
20131101-M-Paris_Masters-QF-Roger_Federer-Juan_Martin_Del_Potro,Roger Federer,Juan Martin del Potro,R,R,M,20131101,Paris Masters,QF,,,Hard,,3,1,Amy
20131030-M-Paris_Masters-R32-David_Ferrer-Lukas_Rosol,David Ferrer,Lukas Rosol,R,R,M,20131030,Paris Masters,R32,,,Indoor Hard,Mohamed El Jennati,3,1,jeffsackmann
20131027-M-Basel-F-Juan_Martin_Del_Potro-Roger_Federer,Juan Martin Del Potro,Roger Federer,R,R,M,20131027,Basel,F,2:30 PM,Center,Indoor Hard,,3,1,Vaibhav Shevade
20131025-M-Basel-QF-Grigor_Dimitrov-Roger_Federer,Grigor Dimitrov,Roger Federer,R,R,M,20131025,Basel,QF,,,Hard,,3,1,Amy
20131013-M-Shanghai_Masters-F-Novak_Djokovic-Juan_Martin_Del_Potro,Novak Djokovic,Juan Martin del Potro,R,R,M,20131013,Shanghai Masters,F,,Stadium,Hard,Damien Dumusois,3,1,Backstop5
20131012-M-Shanghai_Masters-SF-Rafael_Nadal-Juan_Martin_Del_Potro,Rafael Nadal,Juan Martin del Potro,L,R,M,20131012,Shanghai Masters,SF,,,Hard,,3,1,Amy
20131012-M-Shanghai_Masters-SF-Novak_Djokovic-Jo_Wilfried_Tsonga,Novak Djokovic,Jo Wilfried Tsonga,R,R,M,20131012,Shanghai Masters,SF,,,Hard,,3,1,jeffsackmann
20131011-M-Shanghai_Masters-QF-Nicolas_Almagro-Juan_Martin_Del_Potro,Nicolas Almagro,Juan Martin del Potro,R,R,M,20131011,Shanghai Masters,QF,,,Hard,,3,1,Amy
20131010-M-Shanghai_Masters-R16-Roger_Federer-Gael_Monfils,Roger Federer,Gael Monfils,R,R,M,20131010,Shanghai Masters,R16,16:30:00,Center,Hard,,3,1,Joey Hanf
20131008-M-Shanghai_Masters-R64-Vasek_Pospisil-Richard_Gasquet,Vasek Pospisil,Richard Gasquet,R,R,M,20131008,Shanghai Masters,R64,,,Hard,Ali Nili,3,1,jeffsackmann
20131007-M-Shanghai_Masters-R64-Gilles_Simon-Benoit_Paire,Gilles Simon,Benoit Paire,R,R,M,20131007,Shanghai Masters,R64,,,Hard,,3,1,jeffsackmann
20131007-M-Shanghai_Masters-R32-Roger_Federer-Andreas_Seppi,Roger Federer,Andreas Seppi,R,R,M,20131007,Shanghai Masters,R32,,,Hard,Mohamed Lahyani,3,1,Isaac
20131006-M-Tokyo-F-Juan_Martin_Del_Potro-Milos_Raonic,Juan Martin Del Potro,Milos Raonic,R,R,M,20131006,Tokyo,F,,,Hard,,3,1,Amy
20131005-M-Tokyo-SF-Nicolas_Almagro-Juan_Martin_Del_Potro,Nicolas Almagro,Juan Martin Del Potro,R,R,M,20131005,Tokyo,SF,,,Hard,,3,1,Amy
20131004-M-Beijing-QF-Fabio_Fognini-Rafael_Nadal,Fabio Fognini,Rafael Nadal,R,L,M,20131004,Beijing,QF,,,Hard,,3,1,jeffsackmann
20130929-M-Kuala_Lumpur-F-Julien_Benneteau-Joao_Sousa,Julien Benneteau,Joao Sousa,R,R,M,20130929,Kuala Lumpur,F,,,Indoor Hard,Mohammed Lahyani,3,1,jeffsackmann
20130927-M-Bangkok-QF-Feliciano_Lopez-Milos_Raonic,Feliciano Lopez,Milos Raonic,L,R,M,20130927,Bangkok,QF,,,Indoor Hard,,3,1,jeffsackmann
20130909-M-US_Open-F-Novak_Djokovic-Rafael_Nadal,Novak Djokovic,Rafael Nadal,R,L,M,20130909,US Open,F,5:00 PM EST,Ashe,Hard,Jake Garner,5,1,jeffsackmann
20130907-M-US_Open-SF-Richard_Gasquet-Rafael_Nadal,Richard Gasquet,Rafael Nadal,R,L,M,20130907,US Open,SF,5:00 PM EST,Ashe,Hard,Eva Asderaki,5,1,jeffsackmann
20130907-M-US_Open-SF-Novak_Djokovic-Stanislas_Wawrinka,Novak Djokovic,Stanislas Wawrinka,R,R,M,20130907,US Open,SF,12:00 PM EST,Ashe,Hard,,5,1,jeffsackmann
20130905-M-US_Open-QF-Stanislas_Wawrinka-Andy_Murray,Stanislas Wawrinka,Andy Murray,R,R,M,20130905,US Open,QF,2:30 PM EST,Ashe,Hard,Carlos Ramos,5,1,jeffsackmann
20130904-M-US_Open-QF-Richard_Gasquet-David_Ferrer,Richard Gasquet,David Ferrer,R,R,M,20130904,US Open,QF,12:00 pm EST,Ashe,Hard,,5,1,jeffsackmann
20130903-M-US_Open-R16-Denis_Istomin-Andy_Murray,Denis Istomin,Andy Murray,R,R,M,20130903,US Open,R16,8:30 PM EST,Ashe,Hard,,5,1,jeffsackmann
20130901-M-US_Open-R32-Tomas_Berdych-Julien_Benneteau,Tomas Berdych,Julien Benneteau,R,R,M,20130901,US Open,R32,12:20 pm EST,Grandstand,Hard,,3,1,jeffsackmann
20130830-M-US_Open-R64-Kevin_Anderson-Marcos_Baghdatis,Kevin Anderson,Marcos Baghdatis,R,R,M,20130830,US Open,R64,,17,Hard,,3,1,jeffsackmann
20130828-M-US_Open-R128-Lleyton_Hewitt-Brian_Baker,Lleyton Hewitt,Brian Baker,R,R,M,20130828,US Open,R128,7pm EST,Grandstand,hard,,3,1,jeffsackmann
20130827-M-US_Open-R128-Roger_Federer-Grega_Zemlja,Roger Federer,Grega Zemlja,R,R,M,20130827,US Open,R128,3:30 EST,Ashe,Hard,Anthony Nimmons,3,1,jeffsackmann
20130818-M-Cincinnati_Masters-F-John_Isner-Rafael_Nadal,John Isner,Rafael Nadal,R,L,M,20130818,Cincinnati Masters,F,,,Hard,Fergus Murphy,3,1,jeffsackmann
20130810-M-Aptos_CH-SF-Bradley_Klahn-Evgeny_Donskoy,Bradley Klahn,Evgeny Donskoy,L,R,M,20130810,Aptos CH,SF,,,Hard,,3,1,jeffsackmann
20130808-M-Canada_Masters-R16-Ernests_Gulbis-Andy_Murray,Ernests Gulbis,Andy Murray,R,R,M,20130808,Canada Masters,R16,,,Hard,,3,1,qthetennisfan
20130807-M-Montreal_Masters-R32-Marcel_Granollers-Andy_Murray,Marcel Granollers,Andy Murray,R,R,M,20130807,Montreal Masters,R32,,,Hard,,3,1,jeffsackmann
20130729-M-Washington-R16-Bernard_Tomic-Juan_Martin_Del_Potro,Bernard Tomic,Juan Martin Del Potro,R,R,M,20130729,Washington,R16,,,Hard,,3,1,Amy
20130724-M-Lexington_CH-R16-James_Ward-Mitchell_Krueger,James Ward,Mitchell Krueger,R,R,M,20130724,Lexington CH,R16,,Stadium 1,Hard,,3,1,Joey Hanf
20130720-M-Hamburg-SF-Federico_Delbonis-Roger_Federer,Federico Delbonis,Roger Federer,L,R,M,20130720,Hamburg,SF,,,Clay,,3,1,jeffsackmann
20130714-M-Newport-F-Nicolas_Mahut-Lleyton_Hewitt,Nicolas Mahut,Lleyton Hewitt,R,R,M,20130714,Newport,F,,,Grass,,3,1,jeffsackmann
20130714-M-Bastad-F-Carlos_Berlocq-Fernando_Verdasco,Carlos Berlocq,Fernando Verdasco,R,L,M,20130714,Bastad,F,,,Clay,Mohamed El Jennati,3,1,jeffsackmann
20130707-M-Wimbledon-F-Novak_Djokovic-Andy_Murray,Novak Djokovic,Andy Murray,R,R,M,20130707,Wimbledon,F,2:00 PM,Centre,Grass,Mohamed Lahyani,5,0,Verity or @vab14
20130703-M-Wimbledon-QF-David_Ferrer-Juan_Martin_Del_Potro,David Ferrer,Juan Martin Del Potro,R,R,M,20130703,Wimbledon,QF,,,Grass,,5,0,Amy
20130622-M-s_Hertogenbosch-F-Nicolas_Mahut-Stanislas_Wawrinka,Nicolas Mahut,Stanislas Wawrinka,R,R,M,20130622,s Hertogenbosch,F,,,Grass,,3,1,jeffsackmann
20130616-M-Halle-F-Mikhail_Youzhny-Roger_Federer,Mikhail Youzhny,Roger Federer,R,R,M,20130616,Halle,F,,,Grass,Roland Herfel,3,1,jeffsackmann
20130607-M-French_Open-SF-Novak_Djokovic-Rafael_Nadal,Novak Djokovic,Rafael Nadal,R,L,M,20130607,French Open,SF,,,Clay,,5,0,Amy
20130524-M-Dusseldorf-SF-Jarkko_Nieminen-Igor_Sijsling,Jarkko Nieminen,Igor Sijsling,L,R,M,20130524,Dusseldorf,SF,,,Clay,,3,1,jeffsackmann
20130516-M-Rome_Masters-QF-Roger_Federer-Jerzy_Janowicz,Roger Federer,Jerzy Janowicz,R,R,M,20130516,Rome Masters,QF,,,Clay,Carlos Bernardes,3,1,jeffsackmann
20130514-M-Rome_Masters-R32-Juan_Martin_Del_Potro-Andrey_Kuznetsov,Juan Martin Del Potro,Andrey Kuznetsov,R,R,M,20130514,Rome Masters,R32,,,Clay,,3,1,Amy
20130512-M-Madrid_Masters-F-Stanislas_Wawrinka-Rafael_Nadal,Stanislas Wawrinka,Rafael Nadal,R ,L,M,20130512,Madrid Masters,F,,Manolo Santana,Clay,,3,1,Backstop5
20130508-M-Madrid_Masters-R16-Roger_Federer-Kei_Nishikori,Roger Federer,Kei Nishikori,R,R,M,20130508,Madrid Masters,R16,,,Clay,Damian Steiner,3,1,jeffsackmann
20130507-M-Madrid_Masters-R32-Jo_Wilfried_Tsonga-Robin_Haase,Jo Wilfried Tsonga,Robin Haase,R,R,M,20130507,Madrid Masters,R32,,,Clay,Damian Steiner,3,1,jeffsackmann
20130504-M-Munich-SF-Tommy_Haas-Ivan_Dodig,Tommy Haas,Ivan Dodig,R,R,M,20130504,Munich,SF,,,Clay,Felix Torralba,3,1,jeffsackmann
20130501-M-Munich-R16-Dmitry_Tursunov-Alexandr_Dolgopolov,Dmitry Tursunov,Alexandr Dolgopolov,R,R,M,20130501,Munich,R16,,,Clay,Mohamed Lahyani,3,1,jeffsackmann
20130426-M-Barcelona-QF-Tomas_Berdych-Tommy_Robredo,Tomas Berdych,Tommy Robredo,R,R,M,20130426,Barcelona,QF,,,Clay,,3,1,jeffsackmann
20130419-M-Monte_Carlo_Masters-QF-Richard_Gasquet-Fabio_Fognini,Richard Gasquet,Fabio Fognini,R,R,M,20130419,Monte Carlo Masters,QF,,Centre,Clay,Fergus Murphy,3,1,Dead Net Cord
20130417-M-Monte_Carlo_Masters-R32-Nicolas_Almagro-Jurgen_Melzer,Nicolas Almagro,Jurgen Melzer,R,L,M,20130417,Monte Carlo Masters,R32,,Court des Princes,Clay,Mohammed Lahyani,3,1,jeffsackmann
20130327-M-Miami_Masters-R16-Novak_Djokovic-Tommy_Haas,Novak Djokovic,Tommy Haas,R,R,M,20130327,Miami Masters,R16,,,Hard,,3,1,Amy
20130325-M-Miami_Masters-R32-Grigor_Dimitrov-Andy_Murray,Grigor Dimitrov,Andy Murray,R,R,M,20130325,Miami Masters,R32,,,Hard,Fergus Murphy,3,1,jeffsackmann
20130323-M-Miami_Masters-R64-Bernard_Tomic-Andy_Murray,Bernard Tomic,Andy Murray,R,R,M,20130323,Miami Masters,R64,,,Hard,,3,1,Amy
20130314-M-Indian_Wells-R16-Tommy_Haas-Juan_Martin_Del_Potro,Tommy Haas,Juan Martin Del Potro,R,R,M,20130314,Indian Wells,R16,,,Hard,,3,1,Amy
20130312-M-Indian_Wells-R32-Ernests_Gulbis-Andreas_Seppi,Ernests Gulbis,Andreas Seppi,R,R,M,20130312,Indian Wells,R32,,,Hard,,3,1,jeffsackmann
20130303-M-Delray_Beach-F-Ernests_Gulbis-Edouard_Roger_Vasselin,Ernests Gulbis,Edouard Roger Vasselin,R,R,M,20130303,Delray Beach,F,,,Hard,Fergus Murphy,3,1,jeffsackmann
20130225-M-Dubai-R32-Roger_Federer-Malek_Jaziri,Roger Federer,Malek Jaziri,R,R,M,20130225,Dubai,R32,,,Hard,Alison Lang,3,1,jeffsackmann
20130210-M-Vina_del_Mar-F-Horacio_Zeballos-Rafael_Nadal,Horacio Zeballos,Rafael Nadal,L,L,M,20130210,Vina del Mar,F,,,Clay,Carlos Bernardes,3,1,jeffsackmann
20130121-M-Australian_Open-R16-Roger_Federer-Milos_Raonic,Roger Federer,Milos Raonic,R,R,M,20130121,Australian Open,R16,9PM,Center,Hard,Pascal Maria,5,1,jeffsackmann
20130112-M-Sydney-F-Bernard_Tomic-Kevin_Anderson,Bernard Tomic,Kevin Anderson,R,R,M,20130112,Sydney,F,,,Hard,,3,1,Advanced Baseline
20130109-M-Sydney-R16-Bernard_Tomic-Florian_Mayer,Bernard Tomic,Florian Mayer,R,R,M,20130109,Sydney,R16,,,Hard,Gerry Armstrong,3,1,Amy
20130108-M-Sydney-R32-Bernard_Tomic-Marinko_Matosevic,Bernard Tomic,Marinko Matosevic,R,R,M,20130108,Sydney,R32,,,Hard,,3,1,Amy
20121112-M-Tour_Finals-F-Roger_Federer-Novak_Djokovic,Roger Federer,Novak Djokovic,R,R,M,20121112,Tour Finals,F,15:19,O2 arena,Indoor Hard,Lars Graff,3,1,Sagar Manohar
20121102-M-Paris_Masters-QF-Janko_Tipsarevic-Jerzy_Janowicz,Janko Tipsarevic,Jerzy Janowicz,R,R,M,20121102,Paris Masters,QF,,,Indoor Hard,Mohamed Lahyani,3,1,jeffsackmann
20121031-M-Paris_Masters-R32-Sam_Querrey-Novak_Djokovic,Sam Querrey,Novak Djokovic,R,R,M,20121031,Paris Masters,R32,,,Indoor hard,Cedric Mourier,3,1,jeffsackmann
20121011-M-Shanghai_Masters-R16-Alexandr_Dolgopolov-Andy_Murray,Alexandr Dolgopolov,Andy Murray,R,R,M,20121011,Shanghai Masters,R16,,Stadium,Hard,Cedric Mourier,3,1,Mark G
20120818-M-Cincinnati_Masters-F-Novak_Djokovic-Roger_Federer,Novak Djokovic,Roger Federer,R,R,M,20120818,Cincinnati Masters,F,,,Hard,,3,1,Amy
20120817-M-Cincinnati_Masters-SF-Roger_Federer-Stanislas_Wawrinka,Roger Federer,Stanislas Wawrinka,R,R,M,20120817,Cincinnati Masters,SF,,,Hard,,3,1,jeffsackmann
20120803-M-Olympics-SF-Andy_Murray-Novak_Djokovic,Andy Murray,Novak Djokovic,R,R,M,20120803,Olympics,SF,18:30,Centre,Grass,Jake Garner,3,0,hnjc95
20120731-M-Olympics-R32-Novak_Djokovic-Andy_Roddick,Novak Djokovic,Andy Roddick,R,R,M,20120731,Olympics,R32,,,Grass,,3,0,EricJ
20120726-M-Olympics-R64-Tomas_Berdych-Steve_Darcis,Tomas Berdych,Steve Darcis,R,R,M,20120726,Olympics,R64,,,Grass,Eva Asderaki,3,1,jeffsackmann
20120720-M-Hamburg-QF-Jeremy_Chardy-Juan_Monaco,Jeremy Chardy,Juan Monaco,R,R,M,20120720,Hamburg,QF,,,Clay,Ahmed Abdel-Azim,3,1,jeffsackmann
20120708-M-Wimbledon-F-Roger_Federer-Andy_Murray,Roger Federer,Andy Murray,R,R,M,20120708,Wimbledon,F,2:00 PM,Centre,Grass,Enric Molina,5,0,Paul
20120706-M-Wimbledon-SF-Roger_Federer-Novak_Djokovic,Roger Federer,Novak Djokovic,R,R,M,20120706,Wimbledon,SF,,Centre,Grass,,5,0,Geethika
20120516-M-Rome_Masters-R32-Roger_Federer-Carlos_Berlocq,Roger Federer,Carlos Berlocq,R,R,M,20120516,Rome Masters,R32,,,Clay,,3,0,Isaac
20120510-M-Madrid-R16-Roger_Federer-Richard_Gasquet,Roger Federer,Richard Gasquet,R,R,M,20120510,Madrid,R16,,,Clay,,3,1,Amy
20120505-M-Munich-F-Marin_Cilic-Philipp_Kohlschreiber,Marin Cilic,Philipp Kohlschreiber,R,R,M,20120505,Munich,F,,,Clay,Fergus Murphy,3,1,jeffsackmann
20120505-M-Belgrade-SF-Benoit_Paire-Pablo_Andujar,Benoit Paire,Pablo Andujar,R,R,M,20120505,Belgrade,SF,,,Clay,Gianluca Moscarella,3,1,jeffsackmann
20120316-M-Indian_Wells_Masters-SF-Roger_Federer-Rafael_Nadal,Roger Federer,Rafael Nadal,R,L,M,20120316,Indian Wells Masters,SF,12:17,Centre Court,Hard,Steve Ullrich,3,1,Sagar Manohar
20120314-M-Indian_Wells_Masters-R16-Roger_Federer-Thomaz_Bellucci,Roger Federer,Thomaz Bellucci,R,L,M,20120314,Indian Wells Masters,R16,5:00 PM,,Hard,Ali Nili,3,1,jeffsackmann
20120313-M-Indian_Wells_Masters-R32-Ryan_Harrison-Guillermo_Garcia_Lopez,Ryan Harrison,Guillermo Garcia Lopez,R,R,M,20120313,Indian Wells Masters,R32,,,Hard,Roland Herfel,3,1,jeffsackmann
20120303-M-Dubai-F-Andy_Murray-Roger_Federer,Andy Murray,Roger Federer,R,R,M,20120303,Dubai,F,7:10 PM,Centre,Hard,Mohamed Lahyani,3,1,Chris Devine
20120301-M-Delray_Beach-R16-Bernard_Tomic-Tim_Smyczek,Bernard Tomic,Tim Smyczek,R,R,M,20120301,Delray Beach,R16,,,Hard,,3,1,jeffsackmann
20120221-M-Buenos_Aires-R32-Wayne_Odesnik-David_Nalbandian,Wayne Odesnik,David Nalbandian,L,R,M,20120221,Buenos Aires,R32,,,Clay,,3,1,jeffsackmann
20120219-M-Rotterdam-F-Roger_Federer-Juan_Martin_Del_Potro,Roger Federer,Juan Martin del Potro,R,R,M,20120219,Rotterdam,F,,,Hard,,3,1,Amy
20120129-M-Australian_Open-F-Novak_Djokovic-Rafael_Nadal,Novak Djokovic,Rafael Nadal,R,L,M,20120129,Australian Open,F,,Rod Laver,Hard,,5,0,Amy
20111122-M-Tour_Finals-RR-Roger_Federer-Rafael_Nadal,Roger Federer,Rafael Nadal,R,L,M,20111122,Tour Finals,RR,,,Hard,Steve Ulrich,3,1,Amy
20110603-M-Roland_Garros-SF-Novak_Djokovic-Roger_Federer,Novak Djokovic,Roger Federer,R,R,M,20110603,Roland Garros,SF,,Philippe Chatrier,Clay,,5,0,Edged
20110102-M-Brisbane-R16-Robin_Soderling-Michael_Berrer,Robin Soderling,Michael Berrer,R,L,M,20110102,Brisbane,R16,,,Hard,,3,1,Amy
20101010-M-Shanghai_Masters-QF-Robin_Soderling-Roger_Federer,Robin Soderling,Roger Federer,R,R,M,20101010,Shanghai Masters,QF,,,Hard,,3,1,Amy
20100131-M-Australian_Open-F-Roger_Federer-Andy_Murray,Roger Federer,Andy Murray,R,R,M,20100131,Australian Open,F,,Rod Laver,Hard,,5,0,Edged
20091122-M-London-RR-Robin_Soderling-Novak_Djokovic,Robin Soderling,Novak Djokovic,R,R,M,20091122,London,RR,,,Hard,,3,1,Amy
20091110-M-Paris_Masters-R32-Marat_Safin-Juan_Martin_Del_Potro,Marat Safin,Juan Martin Del Potro,R,R,M,20091110,Paris Masters,R32,,,Hard,,3,1,Amy
20091018-M-Shanghai_Masters-F-Rafael_Nadal-Nikolay_Davydenko,Rafael Nadal,Nikolay Davydenko,L,R,M,20091018,Shanghai Masters,F,,,Hard,Steve Ulrich,3,1,jeffsackmann
20090912-M-US_Open-F-Roger_Federer-Juan_Martin_Del_Potro,Roger Federer,Juan Martin Del Potro,R,R,M,20090912,US Open,F,,,Hard,,5,1,Amy
20090831-M-US_Open-SF-Juan_Martin_Del_Potro-Rafael_Nadal,Juan Martin Del Potro,Rafael Nadal,R,L,M,20090831,US Open,SF,,,Hard,Steve Ulrich,3,1,Amy
20090810-M-Montreal_Masters-R32-Fernando_Gonzalez-Milos_Raonic,Fernando Gonzalez,Milos Raonic,R,R,M,20090810,Montreal Masters,R32,,,Hard,Ali Nili,3,1,jeffsackmann
20090705-M-Wimbledon-F-Andy_Roddick-Roger_Federer,Andy Roddick,Roger Federer,R,R,M,20090705,Wimbledon,F,,Centre,Grass,Lars Graff,5,0,Paul
20090531-M-French_Open-R16-Robin_Soderling-Rafael_Nadal,Robin Soderling,Rafael Nadal,R,L,M,20090531,French Open,R16,,,Clay,,5,0,Amy
20071022-M-Basel-R16-Roger_Federer-Juan_Martin_Del_Potro,Roger Federer,Juan Martin Del Potro,R,R,M,20071022,Basel,R16,,,Hard,Mohamed Lahyani,3,1,Amy
20070708-M-Wimbledon-F-Roger_Federer-Rafael_Nadal,Roger Federer,Rafael Nadal,R,L,M,20070708,Wimbledon,F,,,Grass,Carlos Ramos,5,0,Amy
20060826-M-US_Open-F-Roger_Federer-Andy_Roddick,Roger Federer,Andy Roddick,R,R,M,20060826,US Open,F,,,Hard,Carlos Bernardes,3,1,Amy
20060709-M-Wimbledon-F-Roger_Federer-Rafael_Nadal,Roger Federer,Rafael Nadal,R,L,M,20060709,Wimbledon,F,,,Grass,Gerry Armstrong,3,1,Amy
20060627-M-Wimbledon-R128-Roger_Federer-Richard_Gasquet,Roger Federer,Richard Gasquet,R,R,M,20060627,Wimbledon,R128,,,Grass,,5,0,Amy
20041107-M-Paris_Masters-F-Marat_Safin-Radek_Stepanek,Marat Safin,Radek Stepanek,R,R,M,20041107,Paris Masters,F,,,Indoor Hard,Lars Graff,5,1,jeffsackmann
20010611-M-Halle-QF-Patrick_Rafter-Roger_Federer,Patrick Rafter,Roger Federer,R,R,M,20010611,Halle,QF,,,Grass,,3,1,Amy
20001127-M-Tour_Finals-SF-Marat_Safin-Andre_Agassi,Marat Safin,Andre Agassi,R,R,M,20001127,Tour Finals,SF,,,Hard,,3,1,EricJ
19981005-M-Basel-R32-Andre_Agassi-Roger_Federer,Andre Agassi,Roger Federer,R,R,M,19981005,Basel,R32,,,Hard,,3,1,Amy
19800705-M-Wimbledon-F-John_Mcenroe-Bjorn_Borg,John Mcenroe,Bjorn Borg,L,R,M,19800705,Wimbledon,F,2:00 PM,Centre,Grass,Gerry Armstrong,5,0,Eric
